<?xml version="1.0" encoding="utf-8" ?>
<dwsync>
<file name="Collection.php" server="ftp.help-fw.com" local="131533324800000000" remote="131533324800000000" Dst="2" />
<file name="GraphAchievement.php" server="ftp.help-fw.com" local="131533324800000000" remote="131533324800000000" Dst="2" />
<file name="GraphAlbum.php" server="ftp.help-fw.com" local="131533324800000000" remote="131533324800000000" Dst="2" />
<file name="GraphApplication.php" server="ftp.help-fw.com" local="131533324800000000" remote="131533324800000000" Dst="2" />
<file name="GraphCoverPhoto.php" server="ftp.help-fw.com" local="131533324800000000" remote="131533324800000000" Dst="2" />
<file name="GraphEdge.php" server="ftp.help-fw.com" local="131533324800000000" remote="131533324800000000" Dst="2" />
<file name="GraphEvent.php" server="ftp.help-fw.com" local="131533324800000000" remote="131533324800000000" Dst="2" />
<file name="GraphGroup.php" server="ftp.help-fw.com" local="131533324800000000" remote="131533324800000000" Dst="2" />
<file name="GraphList.php" server="ftp.help-fw.com" local="131533324800000000" remote="131533324800000000" Dst="2" />
<file name="GraphLocation.php" server="ftp.help-fw.com" local="131533324800000000" remote="131533324800000000" Dst="2" />
<file name="GraphNode.php" server="ftp.help-fw.com" local="131533324800000000" remote="131533324800000000" Dst="2" />
<file name="GraphNodeFactory.php" server="ftp.help-fw.com" local="131533324800000000" remote="131533324800000000" Dst="2" />
<file name="GraphObject.php" server="ftp.help-fw.com" local="131533324800000000" remote="131533324800000000" Dst="2" />
<file name="GraphObjectFactory.php" server="ftp.help-fw.com" local="131533324800000000" remote="131533324800000000" Dst="2" />
<file name="GraphPage.php" server="ftp.help-fw.com" local="131533324800000000" remote="131533324800000000" Dst="2" />
<file name="GraphPicture.php" server="ftp.help-fw.com" local="131533324800000000" remote="131533324800000000" Dst="2" />
<file name="GraphSessionInfo.php" server="ftp.help-fw.com" local="131533324800000000" remote="131533324800000000" Dst="2" />
<file name="GraphUser.php" server="ftp.help-fw.com" local="131533324800000000" remote="131533324800000000" Dst="2" />
</dwsync>