<?xml version="1.0" encoding="utf-8" ?>
<dwsync>
<file name="imagem01.gif" server="ftp.help-fw.com" local="131534509800000000" remote="131534509800000000" Dst="2" />
<file name="atendimento.png" server="ftp.help-fw.com" local="131534509800000000" remote="131534509800000000" Dst="2" />
<file name="atendimento.jpg" server="ftp.help-fw.com" local="131534504296973859" remote="131536889400000000" Dst="2" />
<file name="logo casa.png" server="ftp.help-fw.com" local="131534515562618217" remote="131536889400000000" Dst="2" />
<file name="background.jpg" server="ftp.help-fw.com" local="131535043800000000" remote="131535043800000000" Dst="2" />
<file name="preloader.gif" server="ftp.help-fw.com" local="131532578400000000" remote="131532578400000000" Dst="2" />
<file name="preloader0.gif" server="ftp.help-fw.com" local="131503110000000000" remote="131503110000000000" Dst="2" />
<file name="preloader2.gif" server="ftp.help-fw.com" local="131532578400000000" remote="131532578400000000" Dst="2" />
<file name="preloader3.gif" server="ftp.help-fw.com" local="131532578400000000" remote="131532578400000000" Dst="2" />
</dwsync>