<?xml version="1.0" encoding="utf-8" ?>
<dwsync>
<file name="autoload.php" server="ftp.help-fw.com" local="131533326000000000" remote="131533326000000000" Dst="2" />
<file name="Facebook.php" server="ftp.help-fw.com" local="131533326000000000" remote="131533326000000000" Dst="2" />
<file name="FacebookApp.php" server="ftp.help-fw.com" local="131533326000000000" remote="131533326000000000" Dst="2" />
<file name="FacebookBatchRequest.php" server="ftp.help-fw.com" local="131533326000000000" remote="131533326000000000" Dst="2" />
<file name="FacebookBatchResponse.php" server="ftp.help-fw.com" local="131533326000000000" remote="131533326000000000" Dst="2" />
<file name="FacebookClient.php" server="ftp.help-fw.com" local="131533326000000000" remote="131533326000000000" Dst="2" />
<file name="FacebookRequest.php" server="ftp.help-fw.com" local="131533326000000000" remote="131533326000000000" Dst="2" />
<file name="FacebookResponse.php" server="ftp.help-fw.com" local="131533326000000000" remote="131533326000000000" Dst="2" />
<file name="SignedRequest.php" server="ftp.help-fw.com" local="131533326600000000" remote="131533326600000000" Dst="2" />
</dwsync>