<?xml version="1.0" encoding="utf-8" ?>
<dwsync>
<file name="error-pagina.php" server="ftp.help-fw.com" local="131503080000000000" remote="131503080000000000" Dst="2" />
<file name="chamar.php" server="ftp.help-fw.com" local="131537862416806489" remote="131537862000000000" Dst="2" />
<file name="perfil_chamado.php" server="ftp.help-fw.com" local="131537913544530827" remote="131537913000000000" Dst="2" />
<file name="meus_chamados.php" server="ftp.help-fw.com" local="131537915166653607" remote="131537914800000000" Dst="2" />
<file name="chamados.php" server="ftp.help-fw.com" local="131534535000000000" remote="131534535000000000" Dst="2" />
<file name="perfil.php" server="ftp.help-fw.com" local="131537971938190753" remote="131537971800000000" Dst="2" />
<file name="config.php" server="ftp.help-fw.com" local="131536876959844708" remote="131536876800000000" Dst="2" />
<file name="chamado_andamento.php" server="ftp.help-fw.com" local="131537842883389241" remote="131537842800000000" Dst="2" />
<file name="chamado.php" server="ftp.help-fw.com" local="131519035178289149" remote="131518998600000000" Dst="2" />
<file name="principal.php" server="ftp.help-fw.com" local="131537963576352484" remote="131537963400000000" Dst="2" />
<file name="gastos.php" server="ftp.help-fw.com" local="131503116460000000" remote="131503080000000000" Dst="2" />
</dwsync>