<?xml version="1.0" encoding="utf-8" ?>
<dwsync>
<file name="FacebookAuthenticationException.php" server="ftp.help-fw.com" local="131533326000000000" remote="131533326000000000" Dst="2" />
<file name="FacebookAuthorizationException.php" server="ftp.help-fw.com" local="131533326000000000" remote="131533326000000000" Dst="2" />
<file name="FacebookClientException.php" server="ftp.help-fw.com" local="131533326000000000" remote="131533326000000000" Dst="2" />
<file name="FacebookOtherException.php" server="ftp.help-fw.com" local="131533326000000000" remote="131533326000000000" Dst="2" />
<file name="FacebookResponseException.php" server="ftp.help-fw.com" local="131533326000000000" remote="131533326000000000" Dst="2" />
<file name="FacebookSDKException.php" server="ftp.help-fw.com" local="131533326000000000" remote="131533326000000000" Dst="2" />
<file name="FacebookServerException.php" server="ftp.help-fw.com" local="131533326000000000" remote="131533326000000000" Dst="2" />
<file name="FacebookThrottleException.php" server="ftp.help-fw.com" local="131533326000000000" remote="131533326000000000" Dst="2" />
</dwsync>